MEP_system,E_A(Hartree),E_B(Hartree),E_AB(Hartree),E_AB_dist(Hartree)
Ethane,-79.1515283976982,-0.5,-79.82491964907099,-79.6515229579399
Formamide,-169.20562208030475,-0.5,-169.90402470009323,-169.7056681230273
1-Propanol,-193.67967834607265,-0.5,-194.35869308708013,-194.1795041924268
2-Aminopropan-2-ol,-173.83418997733892,-75.73781529014408,-249.727294921875,-249.57162724286184
L-Alanine,-134.51389121126633,-189.10787492250853,-323.76485111114135,-323.6216905074242
